<?xml version="1.0" encoding="utf-8"?>
<Transaction xmlns:xsi="http://www.w3.org/2001/XMLSchema-instance" xmlns:xsd="http://www.w3.org/2001/XMLSchema">
  <DestinationAccountNumber>9310982336</DestinationAccountNumber>
  <TransactionDescription>Withdrawl on:7/11/2024 4:10:44 PM- Destination Account Number9310982336, Total Amount: 3</TransactionDescription>
  <TransactionType>Withdrawl</TransactionType>
  <TransactionDate>2024-11-07T16:10:44.1589505+11:00</TransactionDate>
  <TransactionAmount>3</TransactionAmount>
  <TransactionId>0792362741</TransactionId>
</Transaction>