<?xml version="1.0" encoding="utf-8"?>
<Transaction xmlns:xsi="http://www.w3.org/2001/XMLSchema-instance" xmlns:xsd="http://www.w3.org/2001/XMLSchema">
  <DestinationAccountNumber>7819057224</DestinationAccountNumber>
  <TransactionDescription>Deposit on:7/11/2024 4:13:28 PM- Destination Account Number7819057224, Total Amount: 6</TransactionDescription>
  <TransactionType>Deposit</TransactionType>
  <TransactionDate>2024-11-07T16:13:28.2828359+11:00</TransactionDate>
  <TransactionAmount>6</TransactionAmount>
  <TransactionId>1036405743</TransactionId>
</Transaction>