<?xml version="1.0" encoding="utf-8"?>
<Transaction xmlns:xsi="http://www.w3.org/2001/XMLSchema-instance" xmlns:xsd="http://www.w3.org/2001/XMLSchema">
  <DestinationAccountNumber>0902715214</DestinationAccountNumber>
  <TransactionDescription>Withdrawl on:10/18/2024 3:58:53 AM- Destination Account Number0902715214, Total Amount: 1300</TransactionDescription>
  <TransactionType>Withdrawl</TransactionType>
  <TransactionDate>2024-10-18T03:58:53.2161617+05:00</TransactionDate>
  <TransactionAmount>1300</TransactionAmount>
  <TransactionId>1651886050</TransactionId>
</Transaction>