<?xml version="1.0" encoding="utf-8"?>
<Transaction xmlns:xsi="http://www.w3.org/2001/XMLSchema-instance" xmlns:xsd="http://www.w3.org/2001/XMLSchema">
  <DestinationAccountNumber>8355499917</DestinationAccountNumber>
  <TransactionDescription>Withdrawl on:7/11/2024 4:16:54 PM- Destination Account Number8355499917, Total Amount: 43</TransactionDescription>
  <TransactionType>Withdrawl</TransactionType>
  <TransactionDate>2024-11-07T16:16:54.135373+11:00</TransactionDate>
  <TransactionAmount>43</TransactionAmount>
  <TransactionId>2585173485</TransactionId>
</Transaction>