<?xml version="1.0" encoding="utf-8"?>
<Transaction xmlns:xsi="http://www.w3.org/2001/XMLSchema-instance" xmlns:xsd="http://www.w3.org/2001/XMLSchema">
  <DestinationAccountNumber>7382994607</DestinationAccountNumber>
  <TransactionDescription>Deposit on:10/18/2024 3:58:53 AM- Destination Account Number7382994607, Total Amount: 1300</TransactionDescription>
  <TransactionType>Deposit</TransactionType>
  <TransactionDate>2024-10-18T03:58:53.3742099+05:00</TransactionDate>
  <TransactionAmount>1300</TransactionAmount>
  <TransactionId>2626709799</TransactionId>
</Transaction>