<?xml version="1.0" encoding="utf-8"?>
<Transaction xmlns:xsi="http://www.w3.org/2001/XMLSchema-instance" xmlns:xsd="http://www.w3.org/2001/XMLSchema">
  <DestinationAccountNumber>6380166177</DestinationAccountNumber>
  <TransactionDescription>Deposit on:10/18/2024 3:02:51 AM- Destination Account Number6380166177, Total Amount: 200</TransactionDescription>
  <TransactionType>Deposit</TransactionType>
  <TransactionDate>2024-10-18T03:02:51.2698561+05:00</TransactionDate>
  <TransactionAmount>200</TransactionAmount>
  <TransactionId>2794242671</TransactionId>
</Transaction>