<?xml version="1.0" encoding="utf-8"?>
<Transaction xmlns:xsi="http://www.w3.org/2001/XMLSchema-instance" xmlns:xsd="http://www.w3.org/2001/XMLSchema">
  <DestinationAccountNumber>4166868700</DestinationAccountNumber>
  <TransactionDescription>Withdrawl on:11/10/2024 4:09:41 PM- Destination Account Number4166868700, Total Amount: 12</TransactionDescription>
  <TransactionType>Withdrawl</TransactionType>
  <TransactionDate>2024-10-11T16:09:41.7109733+11:00</TransactionDate>
  <TransactionAmount>12</TransactionAmount>
  <TransactionId>2814367900</TransactionId>
</Transaction>