<?xml version="1.0" encoding="utf-8"?>
<Transaction xmlns:xsi="http://www.w3.org/2001/XMLSchema-instance" xmlns:xsd="http://www.w3.org/2001/XMLSchema">
  <DestinationAccountNumber>5285422803</DestinationAccountNumber>
  <TransactionDescription>Deposit on:11/10/2024 4:09:26 PM- Destination Account Number5285422803, Total Amount: 89</TransactionDescription>
  <TransactionType>Deposit</TransactionType>
  <TransactionDate>2024-10-11T16:09:26.3926043+11:00</TransactionDate>
  <TransactionAmount>89</TransactionAmount>
  <TransactionId>3659766653</TransactionId>
</Transaction>