<?xml version="1.0" encoding="utf-8"?>
<Transaction xmlns:xsi="http://www.w3.org/2001/XMLSchema-instance" xmlns:xsd="http://www.w3.org/2001/XMLSchema">
  <DestinationAccountNumber>2806783163</DestinationAccountNumber>
  <TransactionDescription>Deposit on:7/11/2024 4:09:46 PM- Destination Account Number2806783163, Total Amount: 7</TransactionDescription>
  <TransactionType>Deposit</TransactionType>
  <TransactionDate>2024-11-07T16:09:46.1085689+11:00</TransactionDate>
  <TransactionAmount>7</TransactionAmount>
  <TransactionId>3947433025</TransactionId>
</Transaction>