<?xml version="1.0" encoding="utf-8"?>
<Transaction xmlns:xsi="http://www.w3.org/2001/XMLSchema-instance" xmlns:xsd="http://www.w3.org/2001/XMLSchema">
  <DestinationAccountNumber>1216425349</DestinationAccountNumber>
  <TransactionDescription>Deposit on:8/11/2024 3:57:24 PM- Destination Account Number1216425349, Total Amount: 7</TransactionDescription>
  <TransactionType>Deposit</TransactionType>
  <TransactionDate>2024-11-08T15:57:24.3924336+11:00</TransactionDate>
  <TransactionAmount>7</TransactionAmount>
  <TransactionId>4570320724</TransactionId>
</Transaction>