<?xml version="1.0" encoding="utf-8"?>
<Transaction xmlns:xsi="http://www.w3.org/2001/XMLSchema-instance" xmlns:xsd="http://www.w3.org/2001/XMLSchema">
  <DestinationAccountNumber>5445243373</DestinationAccountNumber>
  <TransactionDescription>Deposit on:8/11/2024 3:58:41 PM- Destination Account Number5445243373, Total Amount: 100</TransactionDescription>
  <TransactionType>Deposit</TransactionType>
  <TransactionDate>2024-11-08T15:58:41.6560721+11:00</TransactionDate>
  <TransactionAmount>100</TransactionAmount>
  <TransactionId>5406391329</TransactionId>
</Transaction>