<?xml version="1.0" encoding="utf-8"?>
<Transaction xmlns:xsi="http://www.w3.org/2001/XMLSchema-instance" xmlns:xsd="http://www.w3.org/2001/XMLSchema">
  <DestinationAccountNumber>1216425349</DestinationAccountNumber>
  <TransactionDescription>Withdrawl on:8/11/2024 3:57:54 PM- Destination Account Number1216425349, Total Amount: 10</TransactionDescription>
  <TransactionType>Withdrawl</TransactionType>
  <TransactionDate>2024-11-08T15:57:54.9249203+11:00</TransactionDate>
  <TransactionAmount>10</TransactionAmount>
  <TransactionId>5856626647</TransactionId>
</Transaction>