<?xml version="1.0" encoding="utf-8"?>
<Transaction xmlns:xsi="http://www.w3.org/2001/XMLSchema-instance" xmlns:xsd="http://www.w3.org/2001/XMLSchema">
  <DestinationAccountNumber>7819057224</DestinationAccountNumber>
  <TransactionDescription>Deposit on:7/11/2024 4:11:29 PM- Destination Account Number7819057224, Total Amount: 40</TransactionDescription>
  <TransactionType>Deposit</TransactionType>
  <TransactionDate>2024-11-07T16:11:29.7611917+11:00</TransactionDate>
  <TransactionAmount>40</TransactionAmount>
  <TransactionId>5860419529</TransactionId>
</Transaction>