<?xml version="1.0" encoding="utf-8"?>
<Transaction xmlns:xsi="http://www.w3.org/2001/XMLSchema-instance" xmlns:xsd="http://www.w3.org/2001/XMLSchema">
  <DestinationAccountNumber>5796791906</DestinationAccountNumber>
  <TransactionDescription>Deposit on:10/22/2024 12:39:13 AM- Destination Account Number5796791906, Total Amount: 1250</TransactionDescription>
  <TransactionType>Deposit</TransactionType>
  <TransactionDate>2024-10-22T00:39:13.7828569+05:00</TransactionDate>
  <TransactionAmount>1250</TransactionAmount>
  <TransactionId>6820481734</TransactionId>
</Transaction>