<?xml version="1.0" encoding="utf-8"?>
<Transaction xmlns:xsi="http://www.w3.org/2001/XMLSchema-instance" xmlns:xsd="http://www.w3.org/2001/XMLSchema">
  <DestinationAccountNumber>1216425349</DestinationAccountNumber>
  <TransactionDescription>Withdrawl on:8/11/2024 3:58:41 PM- Destination Account Number1216425349, Total Amount: 100</TransactionDescription>
  <TransactionType>Withdrawl</TransactionType>
  <TransactionDate>2024-11-08T15:58:41.6520705+11:00</TransactionDate>
  <TransactionAmount>100</TransactionAmount>
  <TransactionId>7054584834</TransactionId>
</Transaction>