<?xml version="1.0" encoding="utf-8"?>
<Transaction xmlns:xsi="http://www.w3.org/2001/XMLSchema-instance" xmlns:xsd="http://www.w3.org/2001/XMLSchema">
  <DestinationAccountNumber>6880574497</DestinationAccountNumber>
  <TransactionDescription>Deposit on:10/18/2024 3:55:45 AM- Destination Account Number6880574497, Total Amount: 1400</TransactionDescription>
  <TransactionType>Deposit</TransactionType>
  <TransactionDate>2024-10-18T03:55:45.8011254+05:00</TransactionDate>
  <TransactionAmount>1400</TransactionAmount>
  <TransactionId>7844904843</TransactionId>
</Transaction>