<?xml version="1.0" encoding="utf-8"?>
<Transaction xmlns:xsi="http://www.w3.org/2001/XMLSchema-instance" xmlns:xsd="http://www.w3.org/2001/XMLSchema">
  <DestinationAccountNumber>1815514287</DestinationAccountNumber>
  <TransactionDescription>Deposit on:11/10/2024 4:10:10 PM- Destination Account Number1815514287, Total Amount: 10</TransactionDescription>
  <TransactionType>Deposit</TransactionType>
  <TransactionDate>2024-10-11T16:10:10.0583954+11:00</TransactionDate>
  <TransactionAmount>10</TransactionAmount>
  <TransactionId>7874051254</TransactionId>
</Transaction>