<?xml version="1.0" encoding="utf-8"?>
<Transaction xmlns:xsi="http://www.w3.org/2001/XMLSchema-instance" xmlns:xsd="http://www.w3.org/2001/XMLSchema">
  <DestinationAccountNumber>0902715214</DestinationAccountNumber>
  <TransactionDescription>Deposit on:10/18/2024 4:00:47 AM- Destination Account Number0902715214, Total Amount: 0</TransactionDescription>
  <TransactionType>Deposit</TransactionType>
  <TransactionDate>2024-10-18T04:00:47.315652+05:00</TransactionDate>
  <TransactionAmount>0</TransactionAmount>
  <TransactionId>7986632183</TransactionId>
</Transaction>