<?xml version="1.0" encoding="utf-8"?>
<Transaction xmlns:xsi="http://www.w3.org/2001/XMLSchema-instance" xmlns:xsd="http://www.w3.org/2001/XMLSchema">
  <DestinationAccountNumber>7682364955</DestinationAccountNumber>
  <TransactionDescription>Withdrawl on:10/18/2024 3:55:45 AM- Destination Account Number7682364955, Total Amount: 1400</TransactionDescription>
  <TransactionType>Withdrawl</TransactionType>
  <TransactionDate>2024-10-18T03:55:45.6227725+05:00</TransactionDate>
  <TransactionAmount>1400</TransactionAmount>
  <TransactionId>8327273519</TransactionId>
</Transaction>