<?xml version="1.0" encoding="utf-8"?>
<Transaction xmlns:xsi="http://www.w3.org/2001/XMLSchema-instance" xmlns:xsd="http://www.w3.org/2001/XMLSchema">
  <DestinationAccountNumber>6532814285</DestinationAccountNumber>
  <TransactionDescription>Deposit on:7/11/2024 4:16:54 PM- Destination Account Number6532814285, Total Amount: 43</TransactionDescription>
  <TransactionType>Deposit</TransactionType>
  <TransactionDate>2024-11-07T16:16:54.2105586+11:00</TransactionDate>
  <TransactionAmount>43</TransactionAmount>
  <TransactionId>9432383543</TransactionId>
</Transaction>