<?xml version="1.0" encoding="utf-8"?>
<ArrayOfAccount xmlns:xsi="http://www.w3.org/2001/XMLSchema-instance" xmlns:xsd="http://www.w3.org/2001/XMLSchema">
  <Account>
    <AccountOwners>
      <string>123-456-7890</string>
      <string>116-753-0261</string>
    </AccountOwners>
    <AccountNumber>2325632661</AccountNumber>
    <AccountBalance>1200</AccountBalance>
    <AccountType>Savings</AccountType>
  </Account>
  <Account>
    <AccountOwners>
      <string>111-476-5690</string>
      <string>116-753-0261</string>
    </AccountOwners>
    <AccountNumber>8445003348</AccountNumber>
    <AccountBalance>2789</AccountBalance>
    <AccountType>Savings</AccountType>
  </Account>
  <Account>
    <AccountOwners>
      <string>321-654-0594</string>
      <string>116-753-0261</string>
    </AccountOwners>
    <AccountNumber>6490754250</AccountNumber>
    <AccountBalance>743</AccountBalance>
    <AccountType>Savings</AccountType>
  </Account>
  <Account>
    <AccountOwners>
      <string>321-654-0594</string>
    </AccountOwners>
    <AccountNumber>5990186083</AccountNumber>
    <AccountBalance>1876</AccountBalance>
    <AccountType>Checking</AccountType>
  </Account>
  <Account>
    <AccountOwners>
      <string>611-345-1731</string>
    </AccountOwners>
    <AccountNumber>0714396090</AccountNumber>
    <AccountBalance>9656</AccountBalance>
    <AccountType>Checking</AccountType>
  </Account>
  <Account>
    <AccountOwners>
      <string>116-753-0261</string>
    </AccountOwners>
    <AccountNumber>3166083180</AccountNumber>
    <AccountBalance>5476</AccountBalance>
    <AccountType>Checking</AccountType>
  </Account>
</ArrayOfAccount>